{
  "project_info": {
    "project_number": "212601649444",
    "project_id": "chat-hub-1e695",
    "storage_bucket": "chat-hub-1e695.appspot.com"
  },
  "client": [
    {
      "client_info": {
        "mobilesdk_app_id": "1:212601649444:android:2ba8d3eb53b617fd965bb1",
        "android_client_info": {
          "package_name": "com.example.chathub"
        }
      },
      "oauth_client": [],
      "api_key": [
        {
          "current_key": "AIzaSyD7Z0SIENI8H-h9uWnANUj8lx44gjbXDFE"
        }
      ],
      "services": {
        "appinvite_service": {
          "other_platform_oauth_client": []
        }
      }
    }
  ],
  "configuration_version": "1"
}